INSERT INTO tax (name, amount, percentage) VALUES ('IVA general', 0.00, 21.00);
INSERT INTO tax (name, amount, percentage) VALUES ('IVA reducido', 0.00, 10.00);
INSERT INTO tax (name, amount, percentage) VALUES ('IVA superreducido', 0.00, 4.00);
INSERT INTO tax (name, amount, percentage) VALUES ('IGIC general (Canarias)', 0.00, 7.00);
INSERT INTO tax (name, amount, percentage) VALUES ('IGIC reducido (Canarias)', 0.00, 3.00);
INSERT INTO tax (name, amount, percentage) VALUES ('IPS general (Ceuta y Melilla)', 0.00, 10.00);
INSERT INTO tax (name, amount, percentage) VALUES ('IPS reducido (Ceuta y Melilla)', 0.00, 4.00);

INSERT INTO customer (name, apellido, edad, fecha_nacimiento) VALUES
('Juan', 'Pérez', 25, '1998-06-10'),
('María', 'García', 35, '1988-03-15'),
('Pedro', 'Martínez', 42, '1981-12-02');

INSERT INTO invoice (id, codigo_factura, billing_date, amount, customer_id) VALUES
(1, 'F0001', '2022-01-01', 100.00, 1),
(2, 'F0002', '2022-01-02', 200.00, 2),
(3, 'F0003', '2022-01-03', 300.00, 3),
(4, 'F0004', '2022-02-01', 300.00, 1);


-- Insert con un valor decimal para total_impuesto
INSERT INTO factura_impuesto (factura_id, impuesto_id, total_impuesto)
VALUES (2, 2, 15.75);

-- Insert con un valor entero para total_impuesto
INSERT INTO factura_impuesto (factura_id, impuesto_id, total_impuesto)
VALUES (4, 1, 10);

-- Insert con un valor decimal con múltiples decimales para total_impuesto
INSERT INTO factura_impuesto (factura_id, impuesto_id, total_impuesto)
VALUES (1, 3, 3.14159);

INSERT INTO phone_call (call_date, origin, destination, duration, second_units, call_price, invoice_id) VALUES
('2023-01-01', '5551111', '5552222', 10, 30, 5.00, 1),
('2023-01-02', '5553333', '5554444', 15, 45, 7.50, 1),
('2023-01-03', '5555555', '5556666', 20, 60, 10.00, 1),
('2023-01-04', '5557777', '5558888', 25, 75, 12.50, 1),
('2023-01-05', '5559999', '5550000', 30, 90, 15.00, 1),
('2023-01-06', '5551111', '5553333', 35, 105, 17.50, 2),
('2023-01-07', '5554444', '5556666', 40, 120, 20.00, 2),
('2023-01-08', '5557777', '5550000', 45, 135, 22.50, 2),
('2023-01-09', '5552222', '5555555', 50, 150, 25.00, 2),
('2023-01-10', '5558888', '5559999', 55, 165, 27.50, 2),
('2023-01-11', '5552222', '5554444', 10, 30, 5.00, 3),
('2023-01-12', '5556666', '5558888', 15, 45, 7.50, 3),
('2023-01-13', '5550000', '5552222', 20, 60, 10.00, 3),
('2023-01-14', '5553333', '5555555', 25, 75, 12.50, 3),
('2023-01-15', '5557777', '5559999', 30, 90, 15.00, 3),
('2023-01-16', '5551111', '5558888', 35, 105, 17.50, 4),
('2023-01-17', '5554444', '5551111', 40, 120, 20.00, 4),
('2023-01-18', '5557777', '5553333', 45, 135, 22.50, 4),
('2023-01-19', '5552222', '5556666', 50, 150, 25.00, 4),
('2023-01-20', '5558888', '5554444', 55, 165, 27.50, 4);

INSERT INTO phone_call (call_date, origin, destination, duration, second_units, call_price, invoice_id) VALUES
    ('2023-04-01', '111111111', '222222222', 50, 150, 12.50, 1),
    ('2023-04-01', '333333333', '444444444', 30, 90, 7.50, 1),
    ('2023-04-01', '555555555', '666666666', 20, 60, 5.00, 1),
    ('2023-04-01', '777777777', '888888888', 10, 30, 2.50, 1),
    ('2023-04-02', '111111111', '333333333', 40, 120, 10.00, 1),
    ('2023-04-02', '444444444', '666666666', 25, 75, 6.25, 1),
    ('2023-04-02', '222222222', '555555555', 15, 45, 3.75, 1),
    ('2023-04-02', '999999999', '888888888', 5, 15, 1.25, 1),
    ('2023-04-03', '777777777', '555555555', 35, 105, 8.75, 1),
    ('2023-04-03', '444444444', '111111111', 18, 54, 4.50, 1),
    ('2023-04-03', '333333333', '666666666', 22, 66, 5.50, 1),
    ('2023-04-03', '222222222', '888888888', 13, 39, 3.25, 1),
    ('2023-04-04', '111111111', '555555555', 45, 135, 11.25, 1),
    ('2023-04-04', '666666666', '777777777', 27, 81, 6.75, 1),
    ('2023-04-04', '333333333', '444444444', 12, 36, 3.00, 1),
    ('2023-04-04', '999999999', '555555555', 8, 24, 2.00, 1),
    ('2023-04-05', '555555555', '222222222', 38, 114, 9.50, 1),
    ('2023-04-05', '444444444', '888888888', 31, 93, 7.75, 1),
    ('2023-04-05', '111111111', '666666666', 19, 57, 4.75, 1),
    ('2023-04-05', '777777777', '333333333', 14, 42, 3.50, 1),
    ('2023-04-06', '999999999', '111111111', 36, 108, 9.00, 2),
    ('2023-04-06', '666666666', '555555555', 29, 87, 7.00, 2);

